data_series,total_quota,total_successful_bids,total_bids_received,cat_a_quota,cat_a_successful_bids,cat_a_bids_received,cat_a_quota_premium,cat_b_quota,cat_b_successful_bids,cat_b_bids_received,cat_b_quota_premium,cat_e_quota,cat_e_successful_bids,cat_e_bids_received,cat_e_quota_premium
  2002-02-01,3939,3910,12160,1473,1450,4834,30003,651,651,2240,30660,805,804,2511,30688
  2002-02-15,3991,3958,6210,1467,1466,2450,29997,649,647,965,30289,813,800,1391,30689
  2002-03-01,3955,3943,11040,1491,1491,4267,31484,649,644,2229,32574,805,805,2255,31438
  2002-03-15,3958,3839,7266,1468,1429,2800,33201,651,650,1052,34200,817,744,1594,34501
  2002-04-01,3695,3615,7514,1110,1092,2484,37201,558,551,1119,39509,682,631,1797,41001
  2002-04-15,3800,3781,6298,1149,1148,1890,36000,553,553,1104,42101,754,753,1407,42043
  2002-05-01,3990,3840,6504,1128,1127,1705,35000,560,518,1043,40001,960,930,1880,40001
  2002-05-15,3928,3837,5908,1111,1080,1320,33401,552,541,894,38001,910,877,1835,38399
  2002-06-01,4060,4018,5854,1111,1105,1382,33009,595,569,885,33001,939,938,1777,34397
  2002-06-15,3999,3979,5817,1141,1133,1382,30281,563,554,888,32499,942,940,1825,32511
  2002-07-01,3952,3927,6169,1116,1108,1890,31407,579,577,946,31583,910,903,1549,32356
  2002-07-15,3927,3898,5480,1118,1118,1647,30797,561,553,850,30008,910,904,1242,30501
  2002-08-01,3935,3909,5798,1118,1115,1640,30289,555,555,1149,31889,916,899,1370,31899
  2002-08-15,3936,3875,5359,1110,1100,1480,31289,560,543,873,32001,914,886,1386,32001
  2002-09-01,3936,3914,5040,1113,1108,1337,30501,553,553,715,31617,926,918,1321,31493
  2002-09-15,3968,3946,4967,1120,1118,1286,28409,569,569,756,28009,936,934,1438,29499
  2002-10-01,3932,3804,6050,1115,1101,1889,31334,553,553,917,31795,917,911,1501,30989
  2002-10-15,3929,3912,5409,1112,1110,1624,30758,552,551,850,30811,910,905,1377,30801
  2002-11-01,4617,4600,5966,1346,1346,1724,29113,663,663,866,27667,1097,1083,1663,27999
  2002-11-15,4503,4262,5678,1334,1328,1942,29008,663,597,879,28001,1095,1094,1445,28005
  2002-12-01,4506,4434,5776,1332,1322,1851,28501,663,619,822,27289,1105,1101,1477,28487
  2002-12-15,4727,4425,5440,1338,1337,1546,26993,728,728,977,23890,1091,1082,1501,27119
  2003-01-01,4560,4497,6738,1342,1335,2153,28489,707,707,1128,29099,1094,1094,1645,29001
  2003-01-15,4787,4558,5767,1333,1325,1651,26499,662,661,919,25028,1099,1099,1515,27416
  2003-02-01,4551,4071,6925,1339,1339,2405,31003,663,656,1342,33657,1090,1090,1906,33901
  2003-02-15,4714,4482,6536,1340,1335,2251,29999,663,659,1148,30699,1090,1084,1517,30100
  2003-03-01,4968,4501,6124,1332,1329,1990,28308,670,663,965,27999,1090,1031,1523,27000
  2003-03-15,4717,4268,5849,1337,1333,1923,26999,666,640,944,26001,1096,1085,1676,25501
  2003-04-01,4895,4876,8381,1473,1464,2816,27497,919,917,1790,26601,946,942,1535,27501
  2003-04-15,4875,4839,8056,1474,1473,2728,28054,938,935,1762,27058,898,897,1471,28109
  2003-05-01,4447,4408,7844,1479,1479,3284,29299,914,913,1788,28589,891,891,1320,29538
  2003-05-15,4462,4429,7203,1471,1463,2621,31095,915,913,1592,31400,888,885,1478,31800
  2003-06-01,4467,4355,6919,1470,1469,2388,31799,913,908,1448,31501,887,876,1417,32597
  2003-06-15,4459,4406,6373,1478,1471,2267,31440,914,908,1281,31505,890,879,1328,32000
  2003-07-01,4539,4482,6698,1471,1462,2341,32079,917,917,1359,32779,898,893,1379,32799
  2003-07-15,4479,4425,5973,1477,1470,1881,31501,918,885,1209,31889,898,891,1337,32593
  2003-08-01,4484,4350,5922,1479,1470,1828,30497,912,905,1159,31001,892,888,1401,31889
  2003-08-15,4480,4459,5666,1477,1474,1773,30989,945,942,1171,29900,894,892,1312,30099
  2003-09-01,4561,4413,5802,1479,1476,1611,25011,919,901,1163,28001,891,877,1358,29000
  2003-09-15,4447,4322,7088,1473,1459,2798,30629,915,908,1344,30048,889,887,1345,30589
  2003-10-01,5614,5580,7886,1914,1904,3039,28915,1175,1172,1565,28199,1167,1148,1594,28997
  2003-10-15,5588,5575,7445,1925,1925,2558,28300,1163,1162,1374,27989,1154,1151,1551,27900
  2003-11-01,5500,5389,6698,1921,1921,2106,26338,1160,1136,1368,26001,1172,1161,1690,26700
  2003-11-15,5476,5260,6746,1911,1911,2315,26725,1157,1157,1344,25481,1155,951,1495,26999
  2003-12-01,5577,5554,6553,1911,1903,2020,24401,1181,1180,1401,24112,1164,1155,1508,25299
  2003-12-15,5679,5501,7200,1911,1910,2376,24251,1156,1152,1295,22295,1356,1356,1789,24502
  2004-01-01,5489,5466,7420,1919,1913,2549,23801,1158,1158,1516,24293,1162,1145,1655,24019
  2004-01-15,5641,5613,7880,1912,1898,2616,24001,1160,1154,1468,22002,1152,1150,1724,22801
  2004-02-01,5488,5460,7473,1917,1905,2701,24489,1156,1149,1474,23508,1170,1164,1678,24016
  2004-02-15,5491,5433,6836,1925,1917,2534,24389,1162,1158,1404,22001,1154,1150,1402,23801
  2004-03-01,5493,5419,7390,1923,1920,2539,24597,1163,1147,1516,25699,1159,1148,1615,25492
  2004-03-15,5521,5470,7680,1919,1905,2613,24940,1160,1153,1445,25058,1156,1135,1481,26401
  2004-04-01,5100,5052,8459,1937,1928,3386,26689,949,948,1350,28001,1039,1030,1500,28339
  2004-04-15,5072,5051,7575,1947,1947,3042,27564,939,939,1347,28022,1048,1043,1439,28108
  2004-05-01,5074,5048,6894,1943,1943,2565,27507,934,930,1192,26700,1037,1033,1372,28000
  2004-05-15,5042,4770,7040,1933,1922,2236,27501,932,932,1175,27990,1032,1029,1489,28101
  2004-06-01,5052,4811,7277,1934,1927,2722,28798,937,930,1374,30300,1032,1019,1473,30301
  2004-06-15,5293,5203,7104,1944,1944,2302,28331,932,932,1217,30400,1030,946,1585,29999
  2004-07-01,5267,5222,6568,1941,1941,2193,27769,940,933,1154,28990,1041,1031,1411,28499
  2004-07-15,5111,5068,6397,1933,1928,2104,27019,932,915,1107,27001,1111,1104,1436,27792
  2004-08-01,5071,5054,6327,1934,1932,2145,26298,940,938,1095,27086,1038,1035,1365,27295
  2004-08-15,5064,5051,6239,1938,1932,2237,25797,949,947,1065,26301,1034,1032,1378,26401
  2004-09-01,5041,5007,7039,1936,1927,2628,26801,934,926,1214,27799,1031,1027,1580,27500
  2004-09-15,5034,4977,5914,1939,1937,2126,24189,934,934,1129,26101,1029,984,1300,26199
  2004-10-01,6193,6160,8379,2523,2522,3106,23001,1145,1145,1505,23001,1340,1317,2199,22000
  2004-10-15,6214,6193,8609,2515,2514,3805,23784,1137,1137,1434,23005,1381,1381,1858,23369
  2004-11-01,6190,6165,7835,2514,2507,3115,22496,1137,1131,1323,21301,1359,1353,1835,21798
  2004-11-15,6178,6108,7604,2514,2507,3095,22001,1137,1135,1326,20300,1336,1306,1784,21999
  2004-12-01,6182,6180,7815,2520,2520,3224,22463,1143,1141,1402,21302,1342,1342,1698,22809
  2004-12-15,6227,6177,7264,2520,2520,2709,20117,1139,1128,1270,18708,1366,1364,1766,21298
  2005-01-01,6159,6083,7101,2513,2512,2677,18400,1139,1139,1311,14002,1336,1335,1725,19295
  2005-01-15,6207,6158,9112,2513,2508,3793,19501,1148,1145,1834,19502,1338,1301,1890,19002
  2005-02-01,6233,6209,8108,2514,2511,3394,18200,1137,1137,1450,16533,1337,1335,1809,17300
  2005-02-15,6205,6107,8375,2518,2511,3140,18159,1140,1137,1443,16891,1372,1348,2168,17999
  2005-03-01,6181,6156,9147,2516,2509,3784,20654,1137,1134,1656,21710,1338,1336,1961,21999
  2005-03-15,6254,6044,8284,2520,2449,3176,18901,1140,1133,1355,18001,1359,1337,1799,19001
  2005-04-01,5551,5540,7297,2200,2200,2685,18279,1103,1103,1367,16110,1140,1140,1792,18802
  2005-04-15,5735,5661,7224,2264,2203,2563,18101,1107,1107,1357,17701,1160,1147,1694,18000
  2005-05-01,5537,5399,7074,2193,2185,2594,17398,1100,1087,1339,16508,1138,1125,1719,17699
  2005-05-15,5598,5562,6984,2254,2251,2548,16897,1100,1087,1322,16108,1150,1135,1695,17399
  2005-06-01,5663,5601,7360,2201,2174,2873,17481,1113,1099,1346,16002,1151,1134,1654,18200
  2005-06-15,5560,5474,6918,2196,2186,2636,17289,1113,1099,1299,15001,1152,1108,1538,17999
  2005-07-01,5587,5524,6646,2220,2218,2445,16112,1114,1102,1374,15501,1155,1139,1534,17199
  2005-07-15,5610,5446,7114,2203,2197,2758,16500,1114,1113,1414,16501,1181,1119,1561,17199
  2005-08-01,5588,5508,7302,2195,2194,2843,16502,1112,1103,1318,15889,1154,1137,1653,16999
  2005-08-15,5687,5619,6837,2199,2190,2421,16101,1101,1093,1412,16303,1199,1197,1575,16296
  2005-09-01,5605,5525,7330,2194,2194,2854,16461,1109,1086,1484,16889,1155,1133,1558,16699
  2005-09-15,5591,5517,6588,2202,2179,2428,15309,1108,1106,1270,14808,1139,1092,1433,15699
  2005-10-01,6619,6553,7747,2785,2784,3188,11991,1288,1288,1485,11002,1417,1352,1706,12000
  2005-10-15,6611,6530,11458,2808,2759,5927,14501,1267,1250,2046,14101,1441,1427,2115,14503
  2005-11-01,6605,6543,11072,2786,2779,5624,14700,1265,1263,2086,14751,1460,1441,1905,14801
  2005-11-15,6618,6535,9845,2834,2761,4781,14001,1282,1276,1692,14897,1408,1408,2002,14505
  2005-12-01,6601,6553,9147,2792,2790,4171,13700,1267,1255,1499,13301,1414,1406,2112,14200
  2005-12-15,6620,6569,7863,2858,2858,3309,12081,1271,1261,1386,9001,1394,1386,1927,13302
  2006-01-01,6587,6569,8062,2787,2778,3076,10602,1277,1277,1876,11602,1403,1401,1859,11701
  2006-01-15,6588,6572,7841,2785,2783,3213,8009,1275,1266,1483,9603,1402,1399,1655,9801
  2006-02-01,6557,6530,10513,2794,2787,5517,10284,1265,1262,1726,9501,1397,1397,1785,9275
  2006-02-15,6553,6536,10334,2787,2779,5030,10103,1274,1271,1866,10489,1397,1396,2080,10400
  2006-03-01,6566,6518,10475,2792,2786,5001,11199,1268,1268,1926,12555,1395,1387,2102,12697
  2006-03-15,6552,6490,9763,2792,2784,4381,11904,1267,1265,1830,13556,1395,1394,2000,13689
  2006-04-01,5510,5485,7703,2222,2215,3183,11901,1084,1079,1420,13402,1119,1112,1657,13301
  2006-04-15,5526,5437,7068,2225,2220,2762,11901,1086,1079,1299,13101,1112,1047,1514,13000
  2006-05-01,5487,5462,6532,2223,2222,2426,10003,1089,1077,1293,11519,1118,1110,1475,12402
  2006-05-15,5553,5541,6653,2222,2222,2473,10100,1091,1087,1337,11801,1176,1176,1570,11717
  2006-06-01,5487,5362,7426,2217,2217,2688,11202,1096,1096,1426,12200,1119,1083,1933,12000
  2006-06-15,5476,5448,6866,2217,2213,2393,9301,1088,1084,1256,11001,1111,1095,1716,11002
  2006-07-01,5587,5551,7405,2216,2210,2867,10201,1084,1084,1240,10801,1147,1142,1678,10803
  2006-07-15,5493,5420,7247,2221,2213,2776,10803,1089,1089,1332,10600,1127,1126,1718,11101
  2006-08-01,5498,5462,7825,2222,2215,3333,11901,1084,1064,1365,12501,1116,1114,1669,12699
  2006-08-15,5538,5509,8410,2225,2219,3398,12989,1085,1084,1406,13890,1112,1108,1889,13605
  2006-09-01,5498,5377,7737,2223,2222,2878,13003,1104,1101,1448,14701,1113,1025,1911,15200
  2006-09-15,5494,5324,7879,2223,2223,2921,13102,1086,1086,1440,14399,1115,1102,1871,14900
  2006-10-01,6296,6158,8166,2670,2644,2953,12001,1272,1253,1496,12501,1370,1292,2056,13000
  2006-10-15,6344,6270,7649,2669,2669,2761,10510,1269,1269,1530,12989,1295,1290,1976,12605
  2006-11-01,6313,6266,9141,2695,2693,4013,12979,1288,1288,1683,13811,1360,1359,2122,14156
  2006-11-15,6248,6228,8265,2669,2668,3499,12689,1269,1266,1696,14509,1287,1279,1981,14501
  2006-12-01,6221,6184,7839,2670,2670,3018,12200,1269,1267,1521,14389,1283,1261,1991,14669
  2006-12-15,6194,6049,7181,2670,2668,2886,9605,1272,1240,1413,12889,1290,1203,1708,13499
  2007-01-01,6211,5935,8106,2668,2663,3686,11704,1271,1268,1460,13001,1304,1296,1863,13301
  2007-01-15,6319,6102,7490,2671,2670,3155,11881,1301,1298,1446,12000,1369,1350,1832,12599
  2007-02-01,6450,6229,7383,2673,2654,3005,11489,1272,1267,1449,12152,1290,1290,1784,12721
  2007-02-15,6391,6048,6854,2670,2670,2823,5200,1272,1269,1382,6002,1301,1293,1686,11804
  2007-03-01,6395,6325,11127,2687,2680,5296,12602,1274,1250,2248,13502,1282,1277,2159,13201
  2007-03-15,6515,6479,10385,2669,2659,4752,13504,1272,1266,1840,14652,1289,1272,2217,14502
  2007-04-01,5363,5344,8505,2165,2161,3691,14000,1149,1149,1720,14889,1092,1090,1867,15315
  2007-04-15,5325,5313,8229,2168,2168,3327,14601,1130,1127,1587,15989,1103,1098,1847,16101
  2007-05-01,5313,5294,8686,2163,2163,3449,16159,1125,1118,1811,17879,1089,1082,2033,17856
  2007-05-15,5301,5221,7812,2158,2147,2825,17010,1127,1105,1679,18900,1091,1088,1897,19510
  2007-06-01,5313,5230,7131,2159,2159,2441,16181,1132,1114,1679,19802,1094,1091,1760,19351
  2007-06-15,5369,5240,7172,2169,2119,2489,15591,1146,1137,1460,18891,1089,1070,1711,18539
  2007-07-01,5377,5360,7155,2159,2150,2480,14801,1143,1143,1364,17399,1090,1088,1672,17400
  2007-07-15,5418,5370,7177,2208,2177,2678,16000,1133,1133,1393,17602,1105,1099,1629,17410
  2007-08-01,5311,5118,7075,2168,2018,2632,17001,1125,1114,1458,18001,1089,1080,1623,18003
  2007-08-15,5339,5298,6417,2189,2188,2315,8118,1124,1124,1288,16010,1093,1064,1538,17302
  2007-09-01,5487,5468,8449,2309,2303,3753,17999,1136,1136,1594,18200,1096,1096,1747,19323
  2007-09-15,5333,5323,7787,2159,2159,3055,17941,1125,1117,1581,19589,1116,1115,1789,19199
  2007-10-01,5174,5128,6630,2165,2160,2604,16999,1125,1125,1409,17102,1087,1062,1527,18000
  2007-10-15,5163,5094,6449,2158,2158,2472,12401,1133,1132,1370,17589,1088,1028,1586,18000
  2007-11-01,5201,5130,7237,2164,2149,3040,16839,1125,1087,1438,18001,1112,1111,1653,17809
  2007-11-15,5222,5163,6573,2158,2154,2450,14404,1126,1126,1339,16401,1147,1130,1683,17001
  2007-12-01,5226,5126,6604,2174,2171,2373,12001,1163,1116,1334,13114,1088,1081,1699,15501
  2007-12-15,5212,5030,6816,2162,2089,2588,14001,1125,1106,1578,15802,1104,1022,1564,16000
  2008-01-01,5255,5219,6740,2162,2154,2553,14052,1172,1164,1556,15989,1094,1088,1658,15601
  2008-01-15,5336,5150,6742,2231,2098,2611,12001,1144,1144,1328,13289,1169,1150,1829,13801
  2008-02-01,5191,5168,7444,2167,2155,3005,12002,1133,1133,1454,13209,1093,1092,1786,13301
  2008-02-15,5340,5327,7406,2291,2288,2923,12856,1125,1120,1632,15510,1106,1105,1692,15110
  2008-03-01,5178,5124,7317,2171,2164,2727,14351,1125,1092,1499,18000,1088,1082,1929,18670
  2008-03-15,5167,5134,6689,2161,2161,2474,15389,1130,1110,1387,19001,1088,1086,1713,18854
  2008-04-01,4888,4850,6329,2043,2026,2570,16930,1132,1130,1382,19501,881,870,1348,19389
  2008-04-15,4866,4797,5813,2036,2009,2197,15600,1119,1118,1324,17510,877,876,1266,18451
  2008-05-01,4871,4827,5919,2053,2051,2211,11009,1101,1075,1230,15889,886,879,1416,16500
  2008-05-15,4902,4890,6858,2063,2062,2824,15701,1100,1100,1396,17113,876,873,1345,16700
  2008-06-01,4876,4873,6212,2038,2038,2500,14590,1125,1125,1282,14640,882,882,1221,16301
  2008-06-15,4844,4787,6132,2037,2024,2319,14101,1099,1099,1280,14689,878,873,1352,15459
  2008-07-01,4835,4807,6346,2036,2036,2463,14685,1099,1094,1383,15501,875,866,1258,15661
  2008-07-15,4888,4877,6046,2048,2047,2464,14101,1099,1099,1307,14235,880,872,1178,14858
  2008-08-01,4859,4841,5955,2035,2032,2267,12501,1104,1104,1253,12889,884,879,1229,14101
  2008-08-15,4842,4800,6038,2036,2036,2318,13289,1099,1071,1362,13890,883,878,1318,14001
  2008-09-01,4849,4796,5920,2038,2022,2172,9501,1099,1066,1195,13389,880,879,1503,14300
  2008-09-15,4873,4833,6555,2035,2029,2765,14100,1127,1126,1288,13301,880,864,1408,14889
  2008-10-01,4418,4375,5815,1856,1848,2320,13801,1132,1132,1338,14400,754,747,1144,15058
  2008-10-15,4405,4370,5517,1846,1835,2149,10989,1100,1099,1302,7589,769,765,1100,12001
  2008-11-01,4408,4391,5277,1848,1848,2049,10455,1099,1098,1216,8301,760,752,1061,10490
  2008-11-15,4400,4375,4940,1851,1840,1852,2,1100,1097,1181,4889,757,751,1027,6889
  2008-12-01,4382,4357,6911,1840,1840,3149,7721,1100,1099,1411,6501,761,747,1337,7589
  2008-12-15,4390,4379,6155,1851,1851,2788,6200,1102,1102,1318,2656,759,754,1138,6509
  2009-01-01,4389,4322,5918,1839,1784,2541,5001,1100,1100,1332,3089,767,763,1118,5701
  2009-01-15,4375,4323,5239,1839,1832,2109,2693,1099,1097,1179,200,758,748,1025,3200
  2009-02-01,4430,4407,5557,1894,1894,2077,1020,1099,1097,1231,689,756,746,1225,3000
  2009-02-15,4415,4383,6957,1846,1842,2722,4460,1101,1090,1675,4889,762,746,1507,5889
  2009-03-01,4386,4372,6206,1839,1839,2376,4890,1101,1100,1346,5101,762,759,1298,5700
  2009-03-15,4395,4324,5818,1843,1843,2202,5116,1110,1101,1359,5001,768,768,1228,5982
  2009-04-01,3508,3452,5346,1396,1396,2026,7090,761,707,1036,7501,720,720,1202,7326
  2009-04-15,3565,3526,5239,1396,1390,1906,7589,769,755,1001,7490,717,708,1365,7789
  2009-05-01,3549,3519,5346,1396,1391,2037,8489,814,814,1021,7552,716,713,1409,8501
  2009-05-15,3532,3487,5190,1402,1383,1999,9889,774,774,1051,9180,725,724,1285,10046
  2009-06-01,3523,3455,5226,1401,1391,1967,11690,760,740,1131,11889,719,715,1335,12901
  2009-06-15,3538,3516,5286,1415,1402,1735,12899,760,758,1066,14840,717,717,1516,15100
  2009-07-01,3560,3517,4778,1405,1405,1655,14310,780,778,1052,16801,720,693,1278,17501
  2009-07-15,3514,3480,4751,1408,1408,1603,15291,762,737,992,18501,716,711,1352,18189
  2009-08-01,3535,3507,4474,1395,1395,1558,13658,762,755,934,18890,743,737,1224,19629
  2009-08-15,3526,3494,4532,1395,1387,1567,15019,785,784,889,16290,721,721,1187,17905
  2009-09-01,3520,3512,4938,1395,1391,1844,18020,767,767,1003,19289,722,720,1227,19830
  2009-09-15,3524,3497,4524,1403,1400,1527,15589,761,758,914,19801,716,705,1244,20200
  2009-10-01,2952,2836,3940,1151,1072,1392,16201,685,666,816,18109,584,584,1062,21301
  2009-10-15,2967,2959,4157,1149,1149,1544,18899,688,686,832,19510,592,586,1082,19901
  2009-11-01,3059,3010,3807,1226,1222,1395,16747,704,697,779,18389,582,575,923,19000
  2009-11-15,2948,2915,3569,1146,1142,1261,17189,687,675,797,18002,587,586,866,18267
  2009-12-01,2992,2963,4214,1151,1146,1658,18502,692,690,857,19003,589,585,850,18509
  2009-12-15,2973,2898,4016,1150,1145,1465,18150,697,665,816,17889,582,575,1005,17889
  2010-01-01,2971,2929,4010,1152,1145,1342,18502,687,679,883,19190,586,567,1011,19889
  2010-01-15,3015,2996,4931,1151,1149,1673,20501,717,717,1105,22400,588,579,1322,21899
  2010-02-01,2984,2950,4100,1154,1153,1326,19989,693,690,930,23180,601,596,1069,22401
  2010-02-15,2959,2918,4461,1148,1148,1493,20340,685,658,956,23889,590,587,1255,24229
  2010-03-01,2976,2930,4753,1148,1141,1758,20802,688,667,1087,26389,587,575,1184,27590
  2010-03-15,2980,2899,5733,1146,1137,2183,28389,711,699,1207,36089,584,554,1507,42001
  2010-04-01,2166,1997,3831,705,597,1379,34001,571,571,858,45501,372,328,856,49000
  2010-04-15,2199,2150,3528,706,704,1242,30000,561,549,896,40001,390,383,709,43003
  2010-05-01,2289,2252,3764,806,798,1294,26102,550,547,869,38000,404,403,857,39002
  2010-05-15,2167,2145,3123,699,697,1036,27389,561,553,715,34600,367,365,608,39000
  2010-06-01,2157,2093,3302,706,704,1107,30051,553,546,779,40002,361,322,639,41000
  2010-06-15,2140,2124,2933,699,697,902,31510,557,554,720,39911,362,359,682,41006
  2010-07-01,2184,2155,2977,700,676,893,29501,557,557,671,35909,399,399,660,41010
  2010-07-15,2134,2112,3239,699,691,967,36162,552,548,890,42889,363,357,725,43565
  2010-08-01,1951,1907,2710,622,589,786,32104,479,479,662,43334,309,308,594,42901
  2010-08-15,1944,1928,2885,606,606,975,29000,482,472,683,42810,315,315,583,43501
  2010-09-01,1966,1934,2736,631,628,775,33089,479,479,757,44129,310,308,460,44001
  2010-09-15,1938,1880,2796,597,547,993,30001,488,488,648,42501,309,307,520,43290
  2010-10-01,1954,1918,2579,601,601,722,33132,479,476,630,42801,311,304,518,44090
  2010-10-15,1980,1926,2755,647,647,817,32415,479,478,766,44600,311,287,455,44900
  2010-11-01,1958,1945,2742,598,598,843,34001,482,482,718,45501,316,312,497,46001
  2010-11-15,1976,1894,2841,597,577,833,39000,480,459,709,47890,333,332,634,49890
  2010-12-01,1935,1908,3432,598,582,1020,47604,479,477,1034,62502,313,313,674,64900
  2010-12-15,2004,1970,2796,617,607,755,46129,499,494,872,72001,311,302,463,76102
  2011-01-01,1949,1923,3149,614,602,1192,38889,481,474,790,69000,309,305,475,75789
  2011-01-15,1955,1931,2954,607,606,1091,40123,483,482,700,58910,319,312,433,67009
  2011-02-01,1890,1861,3207,523,501,1146,37124,431,431,640,53400,333,326,648,58890
  2011-02-15,1888,1828,2901,511,494,788,42999,424,423,726,62000,336,335,558,62001
  2011-03-01,1893,1863,2966,532,530,875,42600,424,423,667,61894,336,324,574,62010
  2011-03-15,1924,1867,2764,527,472,927,43813,424,424,579,57002,330,330,458,59073
  2011-04-01,1894,1871,2625,512,511,813,43212,425,410,542,55001,341,340,454,57100
  2011-04-15,1921,1898,2899,565,552,964,44000,423,422,627,56801,330,329,484,56001
  2011-05-01,1887,1876,2939,511,511,944,44790,439,439,650,56011,330,321,498,56490
  2011-05-15,1887,1870,2661,523,521,760,46989,424,424,564,56300,331,322,470,56889
  2011-06-01,1875,1807,3133,510,506,880,53390,424,403,759,63000,338,295,530,62000
  2011-06-15,1881,1848,2625,512,512,715,50244,423,410,684,67700,339,334,468,65490
  2011-07-01,1932,1882,2820,514,497,839,55989,445,444,728,68501,372,342,509,68811
  2011-07-15,1897,1878,2750,510,501,776,56002,436,436,626,72501,335,328,459,74490
  2011-08-01,1911,1904,2844,566,566,1034,48801,354,349,469,70890,360,360,488,70117
  2011-08-15,1879,1864,2808,557,557,927,49301,353,353,527,65521,337,335,516,67000
  2011-09-01,1868,1850,2616,548,547,794,51000,359,356,496,63002,330,329,466,65589
  2011-09-15,1875,1856,2686,548,531,951,48006,353,353,469,64889,332,332,449,62502
  2011-10-01,1879,1874,2603,549,549,793,50289,356,353,524,63600,331,331,452,65058
  2011-10-15,1879,1822,2864,565,554,873,56112,353,353,633,75889,330,306,518,73600
  2011-11-01,1866,1816,2618,548,547,766,55997,356,355,551,77000,330,311,507,78001
  2011-11-15,1917,1868,2574,559,541,756,54887,353,338,518,77340,355,352,496,75889
  2011-12-01,1910,1886,2529,549,543,781,52392,354,351,474,72350,349,335,489,74340
  2011-12-15,1909,1745,2680,566,457,878,50001,368,368,464,70003,334,285,521,71000
  2012-01-01,1884,1876,2733,554,554,901,46889,356,356,511,65801,344,341,530,65700
  2012-01-15,2024,2004,2900,657,652,903,48112,353,351,537,67889,380,375,538,67101
  2012-02-01,1855,1796,2937,619,571,1058,52809,350,346,635,73890,312,312,425,73801
  2012-02-15,1866,1789,2861,624,607,1017,57009,351,348,580,78189,314,296,507,78000
  2012-03-01,1906,1876,2751,667,649,912,56551,354,352,626,79304,309,309,492,76881
  2012-03-15,1923,1912,2870,636,626,1067,56501,352,352,529,82003,327,327,449,80101
  2012-04-01,1877,1849,2620,637,615,960,58501,352,348,483,83700,309,307,413,84590
  2012-04-15,1857,1831,2808,629,618,1011,64201,349,349,563,91000,308,295,447,92010
  2012-05-01,1875,1820,2556,641,593,822,62600,354,354,545,92050,311,304,457,88990
  2012-05-15,1872,1849,2696,630,617,945,58001,349,349,482,85216,321,312,544,86889
  2012-06-01,1902,1823,2847,668,647,1004,59003,350,342,490,83000,315,311,526,85889
  2012-06-15,1870,1789,2583,633,577,920,59004,349,346,477,85400,317,315,427,84389
  2012-07-01,1926,1869,2567,641,613,872,59421,358,358,459,82289,312,295,410,86999
  2012-07-15,1928,1914,2642,676,669,911,68656,353,352,549,90501,310,306,429,92700
  2012-08-01,1670,1651,2467,421,415,724,73501,350,345,489,94502,260,258,354,95034
  2012-08-15,1627,1602,2159,400,391,530,66889,351,351,532,88002,247,238,301,93990
  2012-09-01,1632,1618,2177,399,391,518,68000,355,355,466,80191,245,245,349,87999
  2012-09-15,1637,1611,2226,402,402,486,63000,351,349,523,88500,252,245,421,89990
  2012-10-01,1627,1589,2084,401,399,506,69000,350,350,414,80001,243,242,312,86889
  2012-10-15,1638,1618,2254,393,390,509,71001,353,353,540,85801,249,233,371,87000
  2012-11-01,1651,1642,2443,395,393,621,77201,350,350,573,92400,244,241,401,92100
  2012-11-15,1632,1603,2156,396,393,540,77291,351,342,487,93004,258,250,352,93990
  2012-12-01,1622,1551,2187,395,378,482,78523,350,337,493,90200,246,233,329,97000
  2012-12-15,1641,1597,2147,395,378,499,81889,360,360,478,93501,250,241,406,95990
  2013-01-01,1684,1678,2185,410,409,555,92100,363,363,470,96210,256,256,393,96101
  2013-01-15,1656,1653,2077,409,409,489,91010,351,351,452,95501,251,248,344,97889
  2013-02-01,1611,1564,2097,335,333,418,87109,302,278,431,92901,238,221,295,94890
  2013-02-15,1608,1522,2080,333,329,427,78301,303,299,409,92667,241,200,370,91910
  2013-03-01,1652,1636,4287,336,329,1180,74689,326,326,1028,58090,255,248,1036,65001
  2013-03-15,1691,1682,3444,337,337,923,64209,307,300,940,73900,279,277,635,73301
  2013-04-01,1621,1509,3265,341,339,966,61029,302,287,835,67010,245,244,450,66989
  2013-04-15,1614,1564,2996,333,333,993,62497,310,281,683,62000,240,227,421,62000
  2013-05-01,1717,1702,2991,336,329,912,62999,317,317,601,61700,239,238,447,62301
  2013-05-15,1656,1583,3033,333,324,888,64839,332,329,749,67304,251,239,466,66701
  2013-06-01,1620,1504,3029,341,336,855,67301,302,274,732,75000,239,189,534,76000
  2013-06-15,1679,1650,2924,342,341,788,69903,305,304,734,81751,251,250,466,83001
  2013-07-01,1721,1699,2833,338,328,716,73100,331,325,652,77110,288,284,485,77000
  2013-07-15,1635,1612,2607,334,332,621,73989,303,301,574,76389,240,237,425,76802
  2013-08-01,1757,1743,2775,373,371,754,75556,380,373,682,77600,264,261,407,77989
  2013-08-15,1759,1701,2608,366,360,596,76223,375,371,627,76607,264,264,385,79223
  2013-09-01,1749,1659,2572,366,365,609,77304,381,378,623,77100,263,181,431,80000
  2013-09-15,1794,1760,2716,370,361,654,83751,377,368,703,86239,261,253,459,87001
  2013-10-01,1825,1800,2629,365,361,615,85000,376,373,649,93500,342,330,483,93889
  2013-10-15,1769,1756,2392,373,373,596,76889,382,376,515,87910,269,264,337,92289
  2013-11-01,1761,1757,2447,368,368,590,72609,376,376,482,84578,273,270,379,89001
  2013-11-15,1748,1684,2536,364,361,650,74991,379,375,536,79300,266,259,410,83000
  2013-12-01,1740,1718,2511,364,364,591,73160,373,360,549,73010,264,264,365,76901
  2013-12-15,1799,1745,2467,367,363,574,74002,377,357,500,75700,268,268,375,77501
  2014-01-01,1758,1721,2475,364,361,623,72369,386,377,581,78700,261,244,392,79000
  2014-01-15,1789,1763,2761,368,364,724,72290,393,388,512,79000,261,259,373,78810
  2014-02-01,1558,1538,2507,362,356,719,71564,360,360,523,75300,208,205,351,77003
  2014-02-15,1547,1534,2410,362,358,700,77201,355,353,519,78604,193,191,321,79000
  2014-03-01,1541,1480,2328,365,356,615,76999,350,337,499,80710,193,185,292,82000
  2014-03-15,1534,1515,2199,362,360,577,78602,353,352,524,82900,193,192,293,84001
  2014-04-01,1582,1569,2166,367,360,537,77400,363,363,523,84504,199,197,283,84100
  2014-04-15,1541,1514,2193,361,357,513,71335,351,349,486,75010,192,192,310,73810
  2014-05-01,2023,2008,3139,513,512,676,60002,483,472,778,70002,295,295,525,65501
  2014-05-15,2037,1970,3411,509,506,997,65689,484,477,716,68103,294,285,497,67290
  2014-06-01,2025,1999,3378,507,499,1040,63190,494,484,807,67304,293,292,465,67334
  2014-06-15,2077,2023,3290,509,506,1040,61899,490,475,716,65700,302,276,434,65301
  2014-07-01,2036,2016,3396,513,511,1075,61990,493,491,812,64889,294,288,441,63001
  2014-07-15,2064,2051,3712,509,505,1190,62890,498,497,850,65001,319,317,483,65002
  2014-08-01,1909,1900,3484,574,574,1086,64600,507,501,1090,68689,245,243,429,69001
  2014-08-15,1901,1871,3277,575,574,994,65710,506,502,1137,72990,241,224,358,72810
  2014-09-01,1898,1886,2918,572,568,813,64841,511,511,909,73010,241,235,385,74403
  2014-09-15,1919,1902,2803,573,573,792,62000,509,507,785,71990,256,252,395,74801
  2014-10-01,1900,1880,3357,575,570,1097,63880,505,501,852,72180,245,236,390,72003
  2014-10-15,1905,1893,3096,572,569,1092,63990,507,506,822,72002,242,242,335,72201
  2014-11-01,2008,1980,3068,703,692,1196,64900,574,559,832,70890,272,271,403,71300
  2014-11-15,2000,1973,3075,701,694,1144,67889,570,560,900,72890,263,263,382,73900
  2014-12-01,2017,1982,2827,709,703,996,67089,584,582,873,74389,265,257,370,76904
  2014-12-15,2016,1954,2704,705,699,868,65889,579,572,755,74000,264,264,446,73990
  2015-01-01,2024,2007,2829,704,698,940,66010,571,570,833,75289,272,265,386,75200
  2015-01-15,2051,2024,3170,705,703,1068,65001,576,576,915,76889,264,246,431,76790
  2015-02-01,2369,2361,3237,992,991,1295,62002,724,723,959,70890,181,181,288,71921
  2015-02-15,2379,2377,3433,988,988,1294,57199,722,721,1037,66751,193,193,373,67901
  2015-03-01,2360,2342,4339,987,986,2120,61410,723,723,1239,68668,175,162,322,70500
  2015-03-15,2354,2337,4625,987,987,2251,64700,723,717,1354,71889,174,172,290,72100
  2015-04-01,2371,2312,5044,988,970,2340,67749,722,716,1661,76612,187,165,311,78000
  2015-04-15,2370,2319,4571,987,979,2055,67601,728,708,1525,78001,176,163,331,79500
  2015-05-01,3377,3353,5974,1444,1438,2891,68589,934,934,1631,77600,292,290,445,78004
  2015-05-15,3369,3323,5095,1434,1431,2351,66590,948,948,1401,75002,283,281,364,78001
  2015-06-01,3343,3288,4657,1432,1393,1943,66000,929,923,1384,75000,272,267,392,75801
  2015-06-15,3365,3345,4212,1429,1421,1766,61000,928,926,1144,71509,272,269,373,74501
  2015-07-01,3374,3367,4428,1466,1464,1891,58700,934,933,1225,65501,274,272,411,69001
  2015-07-15,3339,3255,4566,1435,1365,1966,55889,930,929,1218,58109,272,270,441,60101
  2015-08-01,3647,3641,5368,1688,1687,2446,56209,1057,1054,1634,60789,363,361,607,57885
  2015-08-15,3725,3669,5566,1756,1756,2597,57498,1058,1056,1551,62140,363,356,609,61001
  2015-09-01,3647,3596,5605,1688,1688,2553,57089,1059,1058,1628,62101,363,358,580,61010
  2015-09-15,3697,3667,5054,1687,1684,2276,55399,1058,1041,1371,60001,368,368,542,61300
  2015-10-01,3692,3662,4934,1687,1679,2210,56001,1057,1044,1373,58190,366,360,582,58801
  2015-10-15,3671,3648,4950,1690,1684,2229,57301,1073,1069,1367,59889,361,356,584,60000
  2015-11-01,3638,3558,4555,1664,1623,2009,56001,1037,1031,1267,57501,367,363,505,60689
  2015-11-15,3632,3609,4872,1662,1650,2140,59200,1029,1026,1388,61103,365,365,519,62019
  2015-12-01,3689,3676,4710,1698,1696,2132,56989,1031,1028,1324,60001,364,362,495,60003
  2015-12-15,3632,3627,4395,1669,1667,1978,54301,1027,1025,1200,55001,360,360,512,57501
  2016-01-01,3622,3591,4535,1659,1649,2013,45002,1027,1019,1262,54920,362,361,498,55089
  2016-01-15,3614,3575,6286,1659,1638,3437,51301,1026,1026,1334,50089,360,350,713,51000
  2016-02-01,4232,4224,6144,2038,2033,2972,46651,1216,1216,1624,38610,446,443,824,44001
  2016-02-15,4240,4193,7429,2049,2025,2965,43000,1208,1197,2898,46970,456,450,873,45009
  2016-03-01,4210,3985,7864,2033,1957,3518,45000,1209,1200,2706,47604,449,312,951,48002
  2016-03-15,4249,4205,7894,2053,2020,3836,45504,1220,1218,2491,46502,452,445,912,46667
  2016-04-01,4427,4184,8053,2105,2103,3719,46009,1218,1218,2247,47000,583,346,1397,47510
  2016-04-15,4246,4133,7203,2062,2061,3327,47300,1211,1136,2364,49602,453,433,834,49501
  2016-05-01,5061,5020,8104,2218,2217,3446,47889,1462,1454,2435,51010,750,728,1380,49000
  2016-05-15,4931,4846,7219,2217,2182,3227,47020,1537,1536,2322,49156,534,510,815,49700
  2016-06-01,4859,4823,9717,2218,2213,4545,53694,1470,1463,3436,56000,536,533,860,55100
  2016-06-15,4903,4805,8717,2252,2197,3957,55200,1463,1462,2914,57010,538,531,1009,57390
  2016-07-01,4854,4798,7326,2222,2212,3194,52301,1469,1469,2547,56089,517,517,750,56002
  2016-07-15,4916,4858,7385,2272,2246,3195,53000,1463,1463,2439,57508,521,500,821,57501
  2016-08-01,4363,4236,6281,2018,1959,2712,52503,1336,1300,2156,57903,429,400,610,58201
  2016-08-15,4365,4317,6286,2034,2034,2803,53334,1336,1334,2088,56500,450,450,618,56956
  2016-09-01,4434,4328,6426,2067,2011,2739,51506,1372,1358,2183,57002,458,450,723,56889
  2016-09-15,4355,4323,5934,2008,1993,2610,50000,1338,1334,2017,55501,429,429,592,55201
  2016-10-01,4413,4191,6095,2064,1979,2938,51507,1350,1246,1785,53001,436,435,642,54200
  2016-10-15,4340,4321,5712,2023,2021,2584,50991,1340,1329,1768,56410,429,428,678,56340
  2016-11-01,4261,4239,6193,1929,1929,2800,52668,1347,1345,2012,56206,401,388,641,56000
  2016-11-15,4058,4008,5581,1846,1846,2536,50951,1254,1253,1708,53001,401,397,531,54901
  2016-12-01,4061,4011,5170,1844,1812,2335,48000,1245,1237,1494,46229,413,411,643,50010
  2016-12-15,4089,4073,6032,1844,1843,2554,49751,1244,1242,2052,51109,404,404,668,50389
  2017-01-01,4089,4061,5452,1877,1870,2260,50101,1252,1243,1835,53106,401,394,648,53001
  2017-01-15,4055,3877,5732,1846,1766,2437,50889,1246,1226,1967,52807,400,381,662,52600
  2017-02-01,4426,4372,6081,2060,2051,2691,48401,1366,1352,1783,48209,488,488,805,48556
  2017-02-15,4576,4504,6854,2133,2089,2926,49430,1377,1377,2126,50621,500,483,800,51000
  2017-03-01,4452,4420,7013,2061,2045,3190,50789,1371,1368,2298,53300,482,478,763,53001
  2017-03-15,4471,4457,6529,2096,2096,2961,51765,1357,1345,2081,54000,499,499,783,54501
  2017-04-01,4431,4422,6037,2068,2061,2486,52000,1360,1360,1970,54405,486,485,748,54556
  2017-04-15,4413,4359,6175,2052,2030,2442,51600,1369,1365,2000,54406,482,477,712,54616
  2017-05-01,5293,5260,8144,1905,1905,2240,51106,1320,1316,1996,55414,529,528,755,55000
  2017-05-15,5338,5298,8151,1920,1913,2601,46489,1325,1325,1725,53001,532,506,731,52000
  2017-06-01,5318,5287,7757,1898,1893,2245,45201,1325,1324,1582,50110,528,528,878,50526
  2017-06-15,5325,5182,7934,1906,1898,2302,42801,1321,1320,1651,47501,553,519,925,48001
  2017-07-01,5316,5199,8086,1904,1902,2296,42801,1322,1321,1910,49802,528,521,872,49899
  2017-07-15,5428,5243,8101,1907,1905,2389,44002,1322,1314,1784,50001,562,516,941,50101
  2017-08-01,4678,4591,6824,1817,1812,2403,46778,1286,1281,1978,53711,547,545,822,52751
  2017-08-15,4746,4693,6517,1817,1817,2148,42900,1293,1290,1683,51000,586,562,781,50000
  2017-09-01,4649,4580,6270,1820,1806,2195,36001,1290,1290,1704,49000,543,543,805,48005
  2017-09-15,4615,4612,7666,1815,1815,3469,42902,1288,1288,1859,49189,565,563,905,49012
  2017-10-01,4631,4615,6767,1829,1827,2808,41761,1285,1284,1646,48109,540,528,869,49000
  2017-10-15,4565,4517,6216,1815,1809,2391,41617,1285,1277,1718,49996,542,539,809,52000
  2017-11-01,4334,4255,7870,1683,1683,3430,47112,1376,1375,2515,57414,524,495,867,57000
  2017-11-15,4367,4334,6802,1686,1679,2721,46791,1383,1383,2173,57390,516,498,844,57501
  2017-12-01,4398,4358,6039,1680,1667,2158,42339,1375,1375,1805,53711,542,537,831,54334
  2017-12-15,4352,4240,5832,1687,1654,1970,38200,1374,1367,1634,47002,531,529,1003,48011
  2018-01-01,4359,4239,6375,1693,1693,2264,41400,1374,1368,1811,45289,518,518,923,47390
  2018-01-15,4431,4330,5594,1713,1708,1938,36890,1381,1380,1654,42661,515,495,817,44000
  2018-02-01,4392,4349,6429,1557,1534,2389,40000,1396,1396,1831,42322,566,562,790,39903
  2018-02-15,4373,4345,6595,1562,1561,2073,36810,1391,1379,1744,39000,586,581,1216,38801
  2018-03-01,4316,4214,6434,1580,1572,2405,38830,1390,1390,1731,39001,571,525,967,39000
  2018-03-15,4301,4240,5914,1559,1551,2117,38000,1402,1374,1639,37010,571,564,977,38000
  2018-04-01,4375,4329,5997,1566,1564,1888,37000,1389,1388,1689,37605,612,604,967,38039
  2018-04-15,4334,4247,6161,1566,1566,2027,38510,1417,1414,1919,37330,573,571,1027,38389
  2018-05-01,4148,3960,6781,1435,1428,1836,38941,1280,1267,2155,38501,565,562,1008,38600
  2018-05-15,4189,4113,6240,1434,1422,1805,38001,1283,1247,1915,37989,558,533,836,38700
  2018-06-01,4290,4154,5863,1441,1440,1696,36426,1293,1285,1727,36000,559,525,927,37000
  2018-06-15,4178,4138,5734,1446,1437,1818,34110,1316,1311,1729,33900,581,580,868,34400
  2018-07-01,4239,4156,5580,1435,1427,1626,25000,1288,1288,1637,31000,591,582,975,31001
  2018-07-15,4143,4030,7411,1443,1412,3100,32699,1285,1278,1919,32551,558,558,1082,32809
  2018-08-01,4697,4573,8418,1672,1672,3633,33798,1265,1256,2132,34381,536,524,896,33420
  2018-08-15,4727,4506,7717,1695,1695,2948,31997,1272,1259,2031,32429,527,525,927,32311
  2018-09-01,4738,4683,7278,1664,1661,2488,30209,1274,1268,1959,32001,540,506,1006,31801
  2018-09-15,4835,4793,6865,1664,1655,2059,28000,1278,1269,1859,31307,530,519,928,32000
  2018-10-01,4669,4598,6673,1668,1665,2059,28457,1271,1241,1886,31301,561,543,1066,32552
  2018-10-15,4655,4634,6117,1674,1672,1811,25556,1273,1267,1856,31302,539,527,779,32900
  2018-11-01,5094,4999,7856,1819,1757,2849,28199,1265,1262,2142,32302,557,544,862,32000
  2018-11-15,5045,4944,6950,1818,1744,2231,25000,1241,1234,1786,31101,552,546,930,30959
  2018-12-01,5119,5095,6950,1878,1878,2177,23568,1239,1230,1780,31001,552,546,1021,30851
  2018-12-15,5125,5099,7189,1890,1887,2729,25501,1243,1235,1804,31001,545,545,778,31809
  2019-01-01,5048,4997,7169,1815,1804,2707,25920,1245,1242,1818,32200,546,540,776,32909
  2019-01-15,5050,5024,7790,1818,1818,2864,26170,1244,1230,2119,33989,540,530,797,33689
  2019-02-01,4427,4372,6483,1662,1653,2371,25689,1202,1169,1937,34509,403,392,545,35310
  2019-02-15,4403,4393,6445,1650,1650,2261,26301,1214,1213,1993,35403,407,407,658,36667
  2019-03-01,4431,4411,6423,1659,1653,2213,26309,1233,1230,1903,36961,408,405,689,37620
  2019-03-15,4386,4367,6262,1650,1647,2204,26659,1201,1195,1878,39401,397,396,730,41000
  2019-04-01,4396,4350,6392,1656,1650,2338,29159,1202,1202,1782,43102,400,391,648,48209
  2019-04-15,4395,4293,6239,1653,1603,2249,33199,1205,1181,1634,48000,398,391,667,52410
  2019-05-01,4271,4239,5625,1431,1431,1988,36704,1139,1139,1360,48010,384,379,513,52502
  2019-05-15,4327,4303,5625,1475,1475,1799,27000,1163,1161,1407,42564,382,375,626,47000
  2019-06-01,4257,4238,5656,1424,1417,1902,30009,1139,1137,1346,39728,380,375,724,42002
  2019-06-15,4248,4038,5490,1424,1225,1742,26999,1141,1137,1418,35906,381,380,536,39400
  2019-07-01,4243,4212,5498,1431,1428,1795,28589,1141,1135,1390,34000,379,377,523,36901
  2019-07-15,4434,4414,6180,1623,1617,1902,26667,1143,1140,1677,39406,375,367,751,39889
  2019-08-01,3506,3479,5631,1059,1059,2023,32725,1047,1043,1487,40001,357,353,589,40512
  2019-08-15,3495,3315,5189,1062,1062,1725,31917,1045,1043,1415,38602,363,353,593,40002
  2019-09-01,3502,3457,5029,1056,1056,1656,31783,1046,1040,1289,36001,359,350,552,37912
  2019-09-15,3655,3620,5244,1056,1053,1453,31759,1044,1042,1418,37000,365,350,632,40000
  2019-10-01,3520,3482,5377,1057,1033,1659,34001,1048,1042,1559,41361,364,358,601,41001
  2019-10-15,3510,3474,4904,1060,1056,1467,32309,1044,1037,1503,41805,369,356,506,42020
  2019-11-01,3454,3432,4456,1043,1031,1302,30000,1017,1016,1296,40009,383,376,587,40101
  2019-11-15,3452,3425,4808,1023,1012,1468,32000,1019,1016,1331,39700,390,383,540,40889
  2019-12-01,3438,3386,4479,1030,1013,1386,33009,1013,1003,1265,37900,384,377,518,38889
  2019-12-15,3443,3404,4294,1029,1013,1256,32889,1015,1015,1251,36000,384,373,496,37989
  2020-01-01,3469,3451,4761,1035,1026,1450,35320,1022,1021,1229,37109,384,377,541,38000
  2020-01-15,3456,3406,4515,1034,1025,1390,35010,1012,1008,1157,37705,388,388,528,37500
  2020-02-01,3193,3163,4227,982,977,1204,30010,984,980,1173,30890,335,330,525,34900
  2020-02-15,3226,3068,4863,982,973,1564,32999,987,978,1459,32889,328,324,550,33301
  2020-03-01,3206,3193,4584,978,973,1436,32699,987,987,1347,32801,333,331,512,32500
  2020-03-15,3334,3253,4755,982,962,1421,31210,992,943,1366,30012,331,324,503,32500
  2020-04-01,-,-,-,-,-,-,-,-,-,-,-,-,-,-,-
  2020-04-15,-,-,-,-,-,-,-,-,-,-,-,-,-,-,-
  2020-05-01,-,-,-,-,-,-,-,-,-,-,-,-,-,-,-
  2020-05-15,-,-,-,-,-,-,-,-,-,-,-,-,-,-,-
  2020-06-01,-,-,-,-,-,-,-,-,-,-,-,-,-,-,-
  2020-06-15,-,-,-,-,-,-,-,-,-,-,-,-,-,-,-
  2020-07-01,4382,4319,9635,1289,1286,3061,33520,1291,1260,3160,35889,444,436,937,34989
  2020-07-15,4449,4390,7810,1304,1290,2485,32699,1339,1316,2497,35001,448,438,714,35001
  2020-08-01,3287,3252,6194,1022,1007,2047,33000,932,928,1985,37102,472,466,784,36502
  2020-08-15,3283,3245,5973,1034,1019,2099,35710,923,912,1727,38802,474,467,764,38110
  2020-09-01,3259,3235,5340,1035,1035,1737,37766,904,892,1715,41510,470,470,672,40790
  2020-09-15,3262,3249,4941,1034,1031,1540,38504,912,912,1497,40989,471,468,671,41001
  2020-10-01,2889,2867,4442,912,907,1272,36534,805,800,1218,40690,427,426,688,40301
  2020-10-15,2878,2798,4365,916,907,1323,37334,793,793,1272,40990,430,373,672,39889
  2020-11-01,3347,3302,4645,967,952,1262,35990,1013,985,1415,39000,464,463,683,39500
  2020-11-15,3405,3383,4999,972,966,1361,37690,1007,1006,1559,41101,520,512,803,41503
  2020-12-01,3371,3343,5420,978,978,1620,40714,1035,1019,1712,45012,464,461,722,45510
  2020-12-15,3348,3295,5072,969,966,1403,40556,1009,998,1631,49300,471,469,688,49500
  2021-01-01,3354,3296,4805,963,962,1280,40609,1023,1021,1396,49001,467,463,758,49489
  2021-01-15,3379,3335,4729,966,946,1309,43501,1018,1018,1338,50100,466,458,705,51900
  2021-02-01,2976,2972,3855,885,881,1098,42000,943,943,1107,46790,300,300,435,49778
  2021-02-15,2962,2917,4036,903,900,1226,41001,942,938,1168,46002,304,302,503,47506
  2021-03-01,2922,2881,3933,887,887,1175,41996,942,926,1121,45001,296,296,450,47001
  2021-03-15,2964,2926,4045,886,879,1186,44589,946,932,1222,47001,298,291,430,47806
  2021-04-01,2960,2902,4594,883,880,1212,45600,958,949,1524,52309,296,286,635,52200
  2021-04-15,2957,2915,4683,890,883,1290,49640,956,949,1585,61190,303,295,633,62100
  2021-05-01,2726,2642,3893,832,803,1100,48002,819,813,1244,60001,268,268,387,63002
  2021-05-15,2710,2619,3917,835,834,1209,41801,817,817,1089,58089,266,260,400,62000
  2021-06-01,2753,2677,4066,858,820,1439,48510,815,784,1107,60109,259,259,331,61112
  2021-06-15,2760,2685,4022,830,823,1178,47821,809,799,983,56032,265,257,519,58001
  2021-07-01,2744,2732,3752,867,864,1149,45001,840,840,1087,56100,259,257,416,57700
  2021-07-15,2743,2706,3955,836,832,1240,47010,819,796,1107,59501,267,266,408,60001
  2021-08-01,2342,2305,3189,805,804,1021,45189,771,751,980,56001,199,190,288,59599
  2021-08-15,2367,2356,3455,806,806,1127,46689,794,793,1065,61001,198,197,408,64901
  2021-09-01,2368,2326,3296,804,790,1124,47000,791,788,1080,62600,206,190,319,64700
  2021-09-15,2342,2302,3490,803,795,1040,48000,772,768,1189,68310,198,186,400,70002
  2021-10-01,2373,2347,3515,816,812,1077,47001,774,774,1130,70200,214,200,442,72756
  2021-10-15,2371,2338,3784,811,806,1304,52709,774,767,1240,80210,210,191,391,85000
  2021-11-01,1791,1765,2646,536,531,834,53709,587,581,839,82801,159,155,257,88000
  2021-11-15,1798,1741,2477,537,535,706,55001,594,585,797,79601,164,133,253,86001
  2021-12-01,1791,1756,2569,536,525,771,57010,593,593,822,80401,149,145,245,85000
  2021-12-15,1822,1812,2522,534,534,740,58801,595,590,829,80989,177,177,241,83889
  2022-01-01,1800,1784,2436,543,533,760,57599,587,586,712,77700,149,149,193,82501
  2022-01-15,1775,1746,2513,531,526,711,57898,592,583,907,82001,145,145,226,83911
  2022-02-01,1758,1747,2657,542,542,819,60761,550,549,865,86102,180,171,269,87000
  2022-02-15,1771,1735,2830,536,524,876,63000,559,554,939,93590,180,180,300,93102
  2022-03-01,1753,1737,2941,531,526,962,68501,551,551,860,94889,190,190,318,98890
  2022-03-15,1778,1764,2758,543,542,849,71556,555,545,824,98889,180,177,344,99010
  2022-04-01,1758,1749,2492,536,536,723,72996,550,550,708,98389,180,174,290,99999
  2022-04-15,1756,1691,2446,532,519,744,68699,560,559,687,90002,184,182,295,95801
  2022-05-01,2001,1993,2743,612,612,804,70901,527,526,699,92090,195,195,283,91112
  2022-05-15,2056,2036,2956,625,623,819,68001,528,523,709,95889,191,187,309,95901
  2022-06-01,2000,1969,3103,612,607,874,73801,528,528,851,100684,190,185,316,100697
  2022-06-15,2012,1992,2889,614,598,850,74989,531,531,822,106001,194,190,276,104400
  2022-07-01,2023,1923,2863,617,606,900,78001,527,522,695,107800,195,191,340,110524
  2022-07-15,2012,1993,2750,628,620,834,78899,527,526,702,110003,194,194,317,114001
  2022-08-01,1863,1835,2458,554,541,689,80000,474,474,612,107001,167,165,293,113000
  2022-08-15,1782,1761,2642,551,551,835,87889,471,470,665,112001,163,151,273,112001
  2022-09-01,1791,1749,2377,556,535,723,86000,470,466,627,113000,165,150,260,113299
  2022-09-15,1785,1749,2424,543,527,759,84000,471,471,553,108051,176,176,297,107201
  2022-10-01,1806,1799,2363,564,561,724,80501,474,472,635,95856,179,179,232,105001
  2022-10-15,1800,1778,2776,559,558,714,81089,470,463,848,110000,164,160,285,108003
  2022-11-01,1528,1505,2294,460,460,687,87235,411,393,640,115388,146,143,283,116577
  2022-11-15,1543,1502,2148,459,444,622,90589,416,416,568,113881,150,149,242,114009
  2022-12-01,1544,1533,2112,458,454,616,88503,427,426,568,105501,149,148,266,110524
  2022-12-15,1562,1545,2249,473,472,618,88007,409,409,564,108006,146,143,273,109600
  2023-01-01,1533,1517,2282,462,459,649,80000,410,410,487,102002,146,146,285,107889
  2023-01-15,1539,1510,2143,459,456,627,86000,408,402,514,105459,149,147,248,107000
  2023-02-01,1589,1572,2174,509,497,663,86000,430,430,580,105524,129,126,229,105002
  2023-02-15,1602,1527,2491,508,504,702,86556,436,401,768,115001,132,129,274,118001
